{"roc_auc": 0.4661096048713276, "accuracy": 0.4666666666666667}