{"roc_auc": 0.504178520625889, "accuracy": 0.5066666666666667}