{"roc_auc": 0.4787982717919024, "accuracy": 0.4766666666666667}