{"roc_auc": 0.5240078392944635, "accuracy": 0.5233333333333333}