{"roc_auc": 0.45364812591703346, "accuracy": 0.4533333333333333}