{"roc_auc": 0.473656129118314, "accuracy": 0.47333333333333333}